{
  "cues": [
    {
      "cueNumber": "1",
      "label": "Theatre",
      "type": "audio",
      "file": "Theatre-by-ttsmaker.mp3",
      "delay": 0,
      "startTime": 0,
      "endTime": 0,
      "fadeInTime": 0,
      "fadeOutTime": 0,
      "volume": 100,
      "autoContinue": false,
      "autoFollow": true,
      "status": "ready",
      "audioBuffer": {}
    },
    {
      "cueNumber": "3",
      "label": "Player",
      "type": "audio",
      "file": "Playback-by-ttsmaker.mp3",
      "delay": 0,
      "startTime": 0,
      "endTime": 0,
      "fadeInTime": 0,
      "fadeOutTime": 0,
      "volume": 100,
      "autoContinue": false,
      "autoFollow": false,
      "status": "ready",
      "audioBuffer": {}
    },
    {
      "cueNumber": "4",
      "label": "Drama Queen Dreams",
      "type": "audio",
      "file": "Music/Drama-Queen-Dreams-by-Suno.mp3",
      "delay": 0,
      "startTime": 0,
      "endTime": 0,
      "fadeInTime": 5000,
      "fadeOutTime": 0,
      "volume": 100,
      "autoContinue": false,
      "autoFollow": false,
      "status": "ready",
      "audioBuffer": {}
    },
    {
      "cueNumber": "5",
      "label": "Fade and Stop Drama Queen Dreams",
      "type": "fade",
      "target": "4",
      "delay": 0,
      "startTime": 0,
      "endTime": 5,
      "fadeInTime": 0,
      "fadeOutTime": 0,
      "volume": 0,
      "autoContinue": false,
      "autoFollow": false,
      "status": "ready"
    },
    {
      "cueNumber": "6",
      "label": "Commercial - by Suno",
      "type": "audio",
      "file": "Music/Theatre Cue Player Commercial.mp3",
      "delay": 0,
      "startTime": 8,
      "endTime": 0,
      "fadeInTime": 1700,
      "fadeOutTime": 0,
      "volume": 100,
      "autoContinue": false,
      "autoFollow": false,
      "status": "ready",
      "audioBuffer": {}
    },
    {
      "cueNumber": "7",
      "label": "Designed by Kevin Patrick",
      "type": "audio",
      "file": "Designed-by-Kevin-Patrick-by-ttsmaker.mp3",
      "delay": 0,
      "startTime": 0,
      "endTime": 0,
      "fadeInTime": 0,
      "fadeOutTime": 0,
      "volume": 100,
      "autoContinue": false,
      "autoFollow": false,
      "status": "ready",
      "audioBuffer": {}
    }
  ],
  "showName": "Tutorial based on v0.9.0",
  "hotkeyAssignments": {}
}